taskId,title,family,cohort,outcome,measurementValid,selectedAttemptId,durationSeconds,toolCalls,totalTokens,costUsd,applicationCommit,explanation,evidencePath
"104119","How many Latin American seaports are located in regions with high population growth","country-change-selection","computational","fail","true","attempt-0003","1278.7017679214478","61","2701893","","d50497ea9084f29c91b05406688f87035df98d8a","Approval policy: explicit reduced or unavailable work is not preauthorized.; No accepted final answer was published.","evidence/104119.json"
"112207","Create a heatmap showing railway station density in areas with high snow accumulation in the USA","geographic-heatmap","computational","partial","true","attempt-0004","1190.572751045227","62","3319453","","d50497ea9084f29c91b05406688f87035df98d8a","Final count or unknown-coverage count disagrees with the computed evidence.","evidence/112207.json"
"117526","Map drought severity indices for agricultural regions in Southern Africa?","qualitative-control","limitation-control","pass","true","attempt-0005","129.12481689453125","2","93996","","d50497ea9084f29c91b05406688f87035df98d8a","Operator-reviewed frozen qualitative criteria satisfied; not a numerical GIS result.","evidence/117526.json"
"118857","Chart contour lines for accumulated snow fall in winter 2023-2024 in USA","contour-map","computational","pass","true","attempt-0006","625.1705310344696","42","1160583","","d50497ea9084f29c91b05406688f87035df98d8a","Independent artifact and delivery checks passed.","evidence/118857.json"
"123067","Identify regions in Brazil where railway density correlates with population density","qualitative-control","limitation-control","pass","true","attempt-0007","79.74184203147888","2","85794","","d50497ea9084f29c91b05406688f87035df98d8a","Operator-reviewed frozen qualitative criteria satisfied; not a numerical GIS result.","evidence/123067.json"
"128902","Visualize the unemployment rates in European Union member states.","qualitative-control","limitation-control","pass","true","attempt-0008","87.34183192253113","2","96238","","d50497ea9084f29c91b05406688f87035df98d8a","Operator-reviewed frozen qualitative criteria satisfied; not a numerical GIS result.","evidence/128902.json"
"129699","Lakes near Canada's mapped boundary","water-feature-selection","computational","pass","true","attempt-0009","1322.3256449699402","53","2218182","","d50497ea9084f29c91b05406688f87035df98d8a","Independent artifact and delivery checks passed.","evidence/129699.json"
"130168","Facilities in negative-migration countries","spatial-analysis","computational","pass","true","attempt-0010","1912.8847661018372","63","5049230","","d50497ea9084f29c91b05406688f87035df98d8a","Independent artifact and delivery checks passed.","evidence/130168.json"
"131687","Generate contour lines of snow accumulation near major US lakes","contour-map","computational","pass","true","attempt-0011","1146.0496299266815","56","2118220","","d50497ea9084f29c91b05406688f87035df98d8a","Independent artifact and delivery checks passed.","evidence/131687.json"
"133682","Create a heatmap of earthquake occurrences in regions with high population growth","geographic-heatmap","computational","fail","true","attempt-0012","2112.3155438899994","70","4748939","","d50497ea9084f29c91b05406688f87035df98d8a","Heatmap units do not match the declared weights per cell.","evidence/133682.json"
"138450","Calculate urban sprawl rates for Chinese cities between 2015-2020?","qualitative-control","limitation-control","pass","true","attempt-0013","103.58080196380615","8","110560","","d50497ea9084f29c91b05406688f87035df98d8a","Operator-reviewed frozen qualitative criteria satisfied; not a numerical GIS result.","evidence/138450.json"
"146485","Generate contour lines of population density in Angola's northern regions","qualitative-control","limitation-control","pass","true","attempt-0014","125.08883714675903","4","127008","","d50497ea9084f29c91b05406688f87035df98d8a","Operator-reviewed frozen qualitative criteria satisfied; not a numerical GIS result.","evidence/146485.json"
"149968","Create a heatmap showing population density in Chile's coastal areas.","qualitative-control","limitation-control","pass","true","attempt-0015","130.28434300422668","3","156242","","d50497ea9084f29c91b05406688f87035df98d8a","Operator-reviewed frozen qualitative criteria satisfied; not a numerical GIS result.","evidence/149968.json"
"150069","Lakes near observed deep-snow areas","water-feature-selection","computational","pass","true","attempt-0016","1528.8862750530243","37","1933031","","d50497ea9084f29c91b05406688f87035df98d8a","Independent artifact and delivery checks passed.","evidence/150069.json"
"154613","US towns near both lakes and rivers","water-feature-selection","computational","pass","true","attempt-0017","1316.8590500354767","43","2031593","","d50497ea9084f29c91b05406688f87035df98d8a","Independent artifact and delivery checks passed.","evidence/154613.json"
"169833","Show water withdrawal patterns in Himalayan nations","country-choropleth","computational","pass","true","attempt-0018","898.4539549350739","44","1744548","","d50497ea9084f29c91b05406688f87035df98d8a","Independent artifact and delivery checks passed.","evidence/169833.json"
"170096","Show population density patterns across regions","country-choropleth","computational","pass","true","attempt-0019","2340.4801490306854","70","4810324","","d50497ea9084f29c91b05406688f87035df98d8a","Independent artifact and delivery checks passed.","evidence/170096.json"
"186506","Compare agricultural GDP contribution across Andean countries","country-choropleth","computational","pass","true","attempt-0020","1628.5402309894562","57","4113358","","d50497ea9084f29c91b05406688f87035df98d8a","Independent artifact and delivery checks passed.","evidence/186506.json"
"191153","Show water withdrawal patterns in BRICS nations","country-choropleth","computational","pass","true","attempt-0021","819.7136759757996","35","1706158","","d50497ea9084f29c91b05406688f87035df98d8a","Independent artifact and delivery checks passed.","evidence/191153.json"
"197777","Calculate the percentage of Peru's population living more than 100km from seaports","population-distance-share","computational","pass","true","attempt-0022","1512.066410779953","58","3561149","","d50497ea9084f29c91b05406688f87035df98d8a","Independent artifact and delivery checks passed.","evidence/197777.json"
"208110","Compare the population density along railways in Bangladesh with the national average","population-distance-share","computational","pass","true","attempt-0023","2290.382331132889","63","3893502","","d50497ea9084f29c91b05406688f87035df98d8a","Independent artifact and delivery checks passed.","evidence/208110.json"
"214430","Create a map of urban population density in major cities.","qualitative-control","limitation-control","pass","true","attempt-0024","121.97678089141846","3","118865","","d50497ea9084f29c91b05406688f87035df98d8a","Operator-reviewed frozen qualitative criteria satisfied; not a numerical GIS result.","evidence/214430.json"
"217200","Create a heatmap of mineral facility density in African countries with large labor forces","geographic-heatmap","computational","pass","true","attempt-0025","2387.5419311523438","77","5406669","","d50497ea9084f29c91b05406688f87035df98d8a","Independent artifact and delivery checks passed.","evidence/217200.json"
"221611","Map industrial pollution hotspots in Eastern European cities?","qualitative-control","limitation-control","pass","true","attempt-0026","71.72286200523376","3","69964","","d50497ea9084f29c91b05406688f87035df98d8a","Operator-reviewed frozen qualitative criteria satisfied; not a numerical GIS result.","evidence/221611.json"
"222041","How does electric consumption vary across Arctic nations?","country-choropleth","computational","pass","true","attempt-0027","1265.0779881477356","42","2207711","","d50497ea9084f29c91b05406688f87035df98d8a","Independent artifact and delivery checks passed.","evidence/222041.json"
"227822","Show water withdrawal patterns in South Asian peninsula","country-choropleth","computational","pass","true","attempt-0028","1172.9401080608368","46","1772606","","d50497ea9084f29c91b05406688f87035df98d8a","Independent artifact and delivery checks passed.","evidence/227822.json"
"237711","Display climate adaptation readiness across vulnerable nations.","qualitative-control","limitation-control","pass","true","attempt-0029","183.25396513938904","3","130626","","d50497ea9084f29c91b05406688f87035df98d8a","Operator-reviewed frozen qualitative criteria satisfied; not a numerical GIS result.","evidence/237711.json"
"244529","What is the relationship between population density and economic activity in flood-prone areas of Peru?","qualitative-control","limitation-control","pass","true","attempt-0030","129.24131202697754","3","89881","","d50497ea9084f29c91b05406688f87035df98d8a","Operator-reviewed frozen qualitative criteria satisfied; not a numerical GIS result.","evidence/244529.json"
"245463","Identify regions in Brazil where population density is in the bottom quartile nationally and are crossed by railways","qualitative-control","limitation-control","pass","true","attempt-0031","167.536474943161","7","214093","","d50497ea9084f29c91b05406688f87035df98d8a","Operator-reviewed frozen qualitative criteria satisfied; not a numerical GIS result.","evidence/245463.json"
"250712","Visualize net migration patterns worldwide","country-choropleth","computational","pass","true","attempt-0032","1065.251441001892","58","2326112","","d50497ea9084f29c91b05406688f87035df98d8a","Independent artifact and delivery checks passed.","evidence/250712.json"
"251255","Make contour lines of snow accumulation for areas with railway stations in the USA","contour-map","computational","pass","true","attempt-0033","869.1305458545685","41","1607392","","d50497ea9084f29c91b05406688f87035df98d8a","Independent artifact and delivery checks passed.","evidence/251255.json"
"252796","Show the distribution of GDP per capita across different world regions","country-choropleth","computational","pass","true","attempt-0034","1324.741310119629","70","3195463","","d50497ea9084f29c91b05406688f87035df98d8a","Independent artifact and delivery checks passed.","evidence/252796.json"
"253892","Create a heatmap of seaport density in regions with high GDP growth in Latin America","geographic-heatmap","computational","pass","true","attempt-0035","2359.744153022766","69","5523954","","d50497ea9084f29c91b05406688f87035df98d8a","Independent artifact and delivery checks passed.","evidence/253892.json"
"258248","Show labor force distribution in Arctic Circle countries","country-choropleth","computational","pass","true","attempt-0036","920.7001011371613","35","1674167","","d50497ea9084f29c91b05406688f87035df98d8a","Independent artifact and delivery checks passed.","evidence/258248.json"
"264811","Create contour lines of snow accumulation in urban agglomerations","qualitative-control","limitation-control","pass","true","attempt-0037","123.23177099227905","2","89427","","d50497ea9084f29c91b05406688f87035df98d8a","Operator-reviewed frozen qualitative criteria satisfied; not a numerical GIS result.","evidence/264811.json"
"265245","Create a heatmap of power station density in regions with high energy demand","qualitative-control","limitation-control","pass","true","attempt-0038","105.3215160369873","2","134998","","d50497ea9084f29c91b05406688f87035df98d8a","Operator-reviewed frozen qualitative criteria satisfied; not a numerical GIS result.","evidence/265245.json"
"270481","Show global labor force concentration","country-choropleth","computational","pass","true","attempt-0039","705.2344870567322","49","1893547","","d50497ea9084f29c91b05406688f87035df98d8a","Independent artifact and delivery checks passed.","evidence/270481.json"
"272016","Show the patterns of youth unemployment across Mediterranean countries.","qualitative-control","limitation-control","pass","true","attempt-0040","115.5911180973053","2","99834","","d50497ea9084f29c91b05406688f87035df98d8a","Operator-reviewed frozen qualitative criteria satisfied; not a numerical GIS result.","evidence/272016.json"
"272736","Make a heatmap of tuberculosis cases in New York State","county-heatmap","computational","pass","true","attempt-0041","1591.159669160843","67","3342111","","d50497ea9084f29c91b05406688f87035df98d8a","Independent artifact and delivery checks passed.","evidence/272736.json"
"275666","Compare rural population percentages in Western Asian countries","country-choropleth","computational","pass","true","attempt-0042","1809.8086512088776","51","3719796","","d50497ea9084f29c91b05406688f87035df98d8a","Independent artifact and delivery checks passed.","evidence/275666.json"
"279238","Make a heatmap showing population concentration in flood-risk zones of South America","qualitative-control","limitation-control","pass","true","attempt-0043","133.2267451286316","3","116835","","d50497ea9084f29c91b05406688f87035df98d8a","Operator-reviewed frozen qualitative criteria satisfied; not a numerical GIS result.","evidence/279238.json"
"281727","Map the distribution of railway networks in relation to population density in Bangladesh.","source-overlay","computational","pass","true","attempt-0044","1375.8593919277191","71","3554448","","d50497ea9084f29c91b05406688f87035df98d8a","Independent artifact and delivery checks passed.","evidence/281727.json"
"291123","Create contour lines from Angola's population data in relation to power stations","contour-map","computational","pass","true","attempt-0045","951.0171701908112","51","2195914","","d50497ea9084f29c91b05406688f87035df98d8a","Independent artifact and delivery checks passed.","evidence/291123.json"
"296055","Create a map showing forest coverage percentage across different countries","country-choropleth","computational","pass","true","attempt-0046","1147.9161098003387","52","2624454","","d50497ea9084f29c91b05406688f87035df98d8a","Independent artifact and delivery checks passed.","evidence/296055.json"
"299410","What are main agriculture cultures in Blefuscu?","qualitative-control","limitation-control","pass","true","attempt-0047","86.119784116745","2","72079","","d50497ea9084f29c91b05406688f87035df98d8a","Operator-reviewed frozen qualitative criteria satisfied; not a numerical GIS result.","evidence/299410.json"
"301626","Map the relationship between GDP per capita and electric power consumption per capita globally.","bivariate-map","computational","pass","true","attempt-0048","1444.9131138324738","57","2696910","","d50497ea9084f29c91b05406688f87035df98d8a","Independent artifact and delivery checks passed.","evidence/301626.json"
"304935","Visualize water usage patterns in Great Lakes region of Africa","qualitative-control","limitation-control","pass","true","attempt-0049","125.28492879867554","4","116496","","d50497ea9084f29c91b05406688f87035df98d8a","Operator-reviewed frozen qualitative criteria satisfied; not a numerical GIS result.","evidence/304935.json"
"305778","How many power stations in Africa are located in economically strategic regions?","qualitative-control","limitation-control","pass","true","attempt-0050","140.6404640674591","5","158541","","d50497ea9084f29c91b05406688f87035df98d8a","Operator-reviewed frozen qualitative criteria satisfied; not a numerical GIS result.","evidence/305778.json"
"310610","Railway length inside observed deep-snow cells","clipped-line-length","computational","pass","true","attempt-0051","2213.2655560970306","44","2490702","","d50497ea9084f29c91b05406688f87035df98d8a","Independent artifact and delivery checks passed.","evidence/310610.json"
"311281","Historical active wildfire incidents near Amtrak stations","point-line-proximity","computational","pass","true","attempt-0052","1154.2322800159454","42","2065970","","d50497ea9084f29c91b05406688f87035df98d8a","Independent artifact and delivery checks passed.","evidence/311281.json"
"315340","Map air quality index for major cities in South Asia?","qualitative-control","limitation-control","pass","true","attempt-0053","107.54739689826965","6","164030","","d50497ea9084f29c91b05406688f87035df98d8a","Operator-reviewed frozen qualitative criteria satisfied; not a numerical GIS result.","evidence/315340.json"
"321268","High-density population and 2023–24 snowfall","native-population-snow","computational","pass","true","attempt-0054","2302.7309188842773","48","4121564","","d50497ea9084f29c91b05406688f87035df98d8a","Independent artifact and delivery checks passed.","evidence/321268.json"
"332083","Algerian mines in dense population cells","spatial-analysis","computational","pass","true","attempt-0055","735.3919689655304","39","1433136","","d50497ea9084f29c91b05406688f87035df98d8a","Independent artifact and delivery checks passed.","evidence/332083.json"
"333321","Towns in deep snow","spatial-analysis","computational","pass","true","attempt-0056","1016.3548610210419","40","1738272","","d50497ea9084f29c91b05406688f87035df98d8a","Independent artifact and delivery checks passed.","evidence/333321.json"
"342420","Generate a heatmap of railway density in high GDP regions of Brazil","qualitative-control","limitation-control","pass","true","attempt-0057","70.83159804344177","2","67935","","d50497ea9084f29c91b05406688f87035df98d8a","Operator-reviewed frozen qualitative criteria satisfied; not a numerical GIS result.","evidence/342420.json"
"345106","Generate a heatmap of USA population density and overlay it with current wildfire locations.","source-overlay","computational","pass","true","attempt-0204","1252.0006339550018","57","3508597","","d50497ea9084f29c91b05406688f87035df98d8a","Independent artifact and delivery checks passed.","evidence/345106.json"
"348947","Map total forest area in square kilometers by region","country-choropleth","computational","pass","true","attempt-0059","1090.6441519260406","56","2000063","","d50497ea9084f29c91b05406688f87035df98d8a","Independent artifact and delivery checks passed.","evidence/348947.json"
"356076","Compare forest coverage between Continental and Maritime Southeast Asia","country-choropleth","computational","pass","true","attempt-0205","872.2991309165955","48","3364533","","d50497ea9084f29c91b05406688f87035df98d8a","Independent artifact and delivery checks passed.","evidence/356076.json"
"364138","What is agriculture?","qualitative-control","limitation-control","fail","true","attempt-0061","359.1771631240845","20","938938","","d50497ea9084f29c91b05406688f87035df98d8a","The accepted final answer never defines agriculture; it only reports an incomplete analysis and no verified results.; Treats a straightforward conceptual definition as blocked analytical work, despite no GIS observations being needed.","evidence/364138.json"
"365343","River records intersecting highly forested South American countries","forest-river-intersection","computational","pass","true","attempt-0062","2001.956398010254","61","3104836","","d50497ea9084f29c91b05406688f87035df98d8a","Independent artifact and delivery checks passed.","evidence/365343.json"
"367674","Make a heatmap showing population concentration in earthquake-affected zones","geographic-heatmap","computational","fail","true","attempt-0206","1031.2697021961212","48","2176556","","d50497ea9084f29c91b05406688f87035df98d8a","Heatmap units do not match the declared weights per cell.","evidence/367674.json"
"375632","Map the global distribution of GDP per capita","country-choropleth","computational","pass","true","attempt-0207","677.223443031311","48","1874136","","d50497ea9084f29c91b05406688f87035df98d8a","Independent artifact and delivery checks passed.","evidence/375632.json"
"377506","Show digital government services adoption in developed economies.","qualitative-control","limitation-control","pass","true","attempt-0065","78.47168016433716","2","78015","","d50497ea9084f29c91b05406688f87035df98d8a","Operator-reviewed frozen qualitative criteria satisfied; not a numerical GIS result.","evidence/377506.json"
"381719","Calculate the total population affected by floods in Peru during February 2018","observed-flood-population","computational","pass","true","attempt-0066","2255.981742143631","65","4860967","","d50497ea9084f29c91b05406688f87035df98d8a","Independent artifact and delivery checks passed.","evidence/381719.json"
"385630","How does forest coverage vary across Pacific island nations?","country-choropleth","computational","pass","true","attempt-0208","930.3700361251831","53","3485924","","d50497ea9084f29c91b05406688f87035df98d8a","Independent artifact and delivery checks passed.","evidence/385630.json"
"394050","Map global rural-urban population distribution","country-choropleth","computational","pass","true","attempt-0209","1148.8707211017609","63","3675620","","d50497ea9084f29c91b05406688f87035df98d8a","Independent artifact and delivery checks passed.","evidence/394050.json"
"397320","Generate a heatmap of population density around African mineral extraction sites","qualitative-control","limitation-control","pass","true","attempt-0069","112.28160405158997","2","92451","","d50497ea9084f29c91b05406688f87035df98d8a","Operator-reviewed frozen qualitative criteria satisfied; not a numerical GIS result.","evidence/397320.json"
"399319","Map the renewable water resources per capita in Middle Eastern countries","country-choropleth","computational","fail","true","attempt-0070","1403.9590730667114","66","2830249","","d50497ea9084f29c91b05406688f87035df98d8a","Approval policy: explicit reduced or unavailable work is not preauthorized.; No accepted final answer was published.","evidence/399319.json"
"417961","Amtrak stations in earthquake counties","spatial-analysis","computational","pass","true","attempt-0210","886.9484961032867","54","2616588","","d50497ea9084f29c91b05406688f87035df98d8a","Independent artifact and delivery checks passed.","evidence/417961.json"
"418513","African power stations near railways","point-line-proximity","computational","pass","true","attempt-0211","762.2299191951752","37","1572159","","d50497ea9084f29c91b05406688f87035df98d8a","Independent artifact and delivery checks passed.","evidence/418513.json"
"419069","Population density in counties with reported TB","county-population-density","computational","pass","true","attempt-0073","1539.1603260040283","56","3295549","","d50497ea9084f29c91b05406688f87035df98d8a","Independent artifact and delivery checks passed.","evidence/419069.json"
"422124","Map the distribution of lakes in relation to population centers in North America.","qualitative-control","limitation-control","pass","true","attempt-0074","125.5769989490509","2","77692","","d50497ea9084f29c91b05406688f87035df98d8a","Operator-reviewed frozen qualitative criteria satisfied; not a numerical GIS result.","evidence/422124.json"
"429627","Electricity use in large-power-station countries","spatial-analysis","computational","pass","true","attempt-0075","1352.072037935257","52","3238309","","d50497ea9084f29c91b05406688f87035df98d8a","Independent artifact and delivery checks passed.","evidence/429627.json"
"435973","Generate a heatmap of power station density in regions with water scarcity","geographic-heatmap","computational","fail","true","attempt-0212","1937.0835909843445","78","5195759","","d50497ea9084f29c91b05406688f87035df98d8a","Selected feature membership differs from the independent answer.","evidence/435973.json"
"436356","Calculate forest fragmentation indices for protected areas in Africa?","qualitative-control","limitation-control","pass","true","attempt-0077","119.02961301803589","2","104770","","d50497ea9084f29c91b05406688f87035df98d8a","Operator-reviewed frozen qualitative criteria satisfied; not a numerical GIS result.","evidence/436356.json"
"438953","Create a bivariate map showing the relationship between CO2 emissions per capita and greenhouse gases emissions per capita for 1990 and 2020 across all countries.","map-series","computational","fail","true","attempt-0078","1074.6357219219208","59","2855488","","d50497ea9084f29c91b05406688f87035df98d8a","Map-series boundaries differ from the original geography.","evidence/438953.json"
"441352","Compare fertility rates between Eastern and Western African countries","country-choropleth","computational","pass","true","attempt-0213","975.7515110969543","51","2571901","","d50497ea9084f29c91b05406688f87035df98d8a","Independent artifact and delivery checks passed.","evidence/441352.json"
"447179","Compare healthcare infrastructure across developing economies.","qualitative-control","limitation-control","pass","true","attempt-0214","122.49811601638794","2","85120","","d50497ea9084f29c91b05406688f87035df98d8a","Operator-reviewed frozen qualitative criteria satisfied; not a numerical GIS result.","evidence/447179.json"
"459898","Map the distribution of renewable water resources in arid regions.","qualitative-control","limitation-control","pass","true","attempt-0215","130.67402291297913","2","79199","","d50497ea9084f29c91b05406688f87035df98d8a","Operator-reviewed frozen qualitative criteria satisfied; not a numerical GIS result.","evidence/459898.json"
"460208","Map total population distribution globally","country-choropleth","computational","pass","true","attempt-0216","731.8909499645233","50","1952349","","d50497ea9084f29c91b05406688f87035df98d8a","Independent artifact and delivery checks passed.","evidence/460208.json"
"470604","Make a heatmap of power station density in regions with high forest depletion","geographic-heatmap","computational","partial","true","attempt-0217","1903.878513097763","74","4831447","","d50497ea9084f29c91b05406688f87035df98d8a","Final count or unknown-coverage count disagrees with the computed evidence.","evidence/470604.json"
"476053","Map the distribution of tuberculosis cases across Massachusetts counties. ","county-choropleth","computational","pass","true","attempt-0218","1116.5024991035461","48","1821906","","d50497ea9084f29c91b05406688f87035df98d8a","Independent artifact and delivery checks passed.","evidence/476053.json"
"476358","Show total labor force distribution across the world","country-choropleth","computational","pass","true","attempt-0219","824.7990820407867","58","2469252","","d50497ea9084f29c91b05406688f87035df98d8a","Independent artifact and delivery checks passed.","evidence/476358.json"
"476928","Find municipalities in Brazil where population density is above national average and are within 20km of both rivers and railways","qualitative-control","limitation-control","pass","true","attempt-0220","100.40157985687256","2","65735","","d50497ea9084f29c91b05406688f87035df98d8a","Operator-reviewed frozen qualitative criteria satisfied; not a numerical GIS result.","evidence/476928.json"
"478472","Map digital literacy rates in Southeast Asian nations.","qualitative-control","limitation-control","pass","true","attempt-0221","144.2867021560669","4","126787","","d50497ea9084f29c91b05406688f87035df98d8a","Operator-reviewed frozen qualitative criteria satisfied; not a numerical GIS result.","evidence/478472.json"
"480358","Make contour lines of population density in flood-affected areas of Bangladesh.","contour-map","computational","pass","true","attempt-0222","1463.9705350399017","63","4739356","","d50497ea9084f29c91b05406688f87035df98d8a","Independent artifact and delivery checks passed.","evidence/480358.json"
"483163","What is a theodolite?","qualitative-control","limitation-control","pass","true","attempt-0223","196.67452001571655","8","326414","","d50497ea9084f29c91b05406688f87035df98d8a","Operator-reviewed frozen qualitative criteria satisfied; not a numerical GIS result.","evidence/483163.json"
"483194","Visualize infant mortality rates in South Asian countries.","qualitative-control","limitation-control","pass","true","attempt-0224","116.6966381072998","3","110431","","d50497ea9084f29c91b05406688f87035df98d8a","Operator-reviewed frozen qualitative criteria satisfied; not a numerical GIS result.","evidence/483194.json"
"486122","Generate a heatmap of mineral extraction facilities in regions with high water withdrawals in Africa","geographic-heatmap","computational","timeout","true","attempt-0225","2400","72","4645057","","d50497ea9084f29c91b05406688f87035df98d8a","40-minute task deadline exceeded.; No accepted final answer was published.","evidence/486122.json"
"487632","Map drought resilience indicators in semi-arid countries.","qualitative-control","limitation-control","pass","true","attempt-0226","152.3092520236969","2","93501","","d50497ea9084f29c91b05406688f87035df98d8a","Operator-reviewed frozen qualitative criteria satisfied; not a numerical GIS result.","evidence/487632.json"
"488600","Create a heatmap showing population density near earthquake epicenters","qualitative-control","limitation-control","pass","true","attempt-0227","145.35544204711914","2","86059","","d50497ea9084f29c91b05406688f87035df98d8a","Operator-reviewed frozen qualitative criteria satisfied; not a numerical GIS result.","evidence/488600.json"
"488696","Show urban green space percentage in European cities' countries.","qualitative-control","limitation-control","pass","true","attempt-0228","129.99320006370544","2","81608","","d50497ea9084f29c91b05406688f87035df98d8a","Operator-reviewed frozen qualitative criteria satisfied; not a numerical GIS result.","evidence/488696.json"
"498483","Show the distribution of water stress in Mediterranean coastal areas?","country-choropleth","computational","pass","true","attempt-0095","1139.7801461219788","55","3399873","","d50497ea9084f29c91b05406688f87035df98d8a","Independent artifact and delivery checks passed.","evidence/498483.json"
"501368","How does fertility rate vary across French-speaking African countries?","country-choropleth","computational","pass","true","attempt-0096","889.7071959972382","51","2749309","","d50497ea9084f29c91b05406688f87035df98d8a","Independent artifact and delivery checks passed.","evidence/501368.json"
"518135","Generate contour lines of population density near railways in upper-middle-income countries","qualitative-control","limitation-control","pass","true","attempt-0097","141.79046201705933","3","128085","","d50497ea9084f29c91b05406688f87035df98d8a","Operator-reviewed frozen qualitative criteria satisfied; not a numerical GIS result.","evidence/518135.json"
"523121","Show me map of electricity consumption in the World","country-choropleth","computational","pass","true","attempt-0098","870.4511721134186","49","1821793","","d50497ea9084f29c91b05406688f87035df98d8a","Independent artifact and delivery checks passed.","evidence/523121.json"
"526765","Compare water usage between Upper and Lower Nile countries","country-choropleth","computational","pass","true","attempt-0099","890.8359379768372","44","2331757","","d50497ea9084f29c91b05406688f87035df98d8a","Independent artifact and delivery checks passed.","evidence/526765.json"
"526880","Create contour lines showing population distribution in biodiversity hotspots","qualitative-control","limitation-control","pass","true","attempt-0100","100.37348294258118","2","76896","","d50497ea9084f29c91b05406688f87035df98d8a","Operator-reviewed frozen qualitative criteria satisfied; not a numerical GIS result.","evidence/526880.json"
"529248","Which African countries have the most efficient distribution of power stations relative to population?","qualitative-control","limitation-control","pass","true","attempt-0101","120.9290361404419","5","123897","","d50497ea9084f29c91b05406688f87035df98d8a","Operator-reviewed frozen qualitative criteria satisfied; not a numerical GIS result.","evidence/529248.json"
"530802","Map agricultural GDP contribution by region","country-choropleth","computational","pass","true","attempt-0102","957.1941549777985","52","2766733","","d50497ea9084f29c91b05406688f87035df98d8a","Independent artifact and delivery checks passed.","evidence/530802.json"
"535461","Display water stress levels in Middle Eastern and North African countries","country-choropleth","computational","pass","true","attempt-0103","849.9720270633698","47","2618768","","d50497ea9084f29c91b05406688f87035df98d8a","Independent artifact and delivery checks passed.","evidence/535461.json"
"536420","Compare population density between flood-affected and non-flood-affected areas in Bangladesh during August 2018","observed-flood-population","computational","pass","true","attempt-0104","1366.4300560951233","63","3866493","","d50497ea9084f29c91b05406688f87035df98d8a","Independent artifact and delivery checks passed.","evidence/536420.json"
"537597","Map the distribution of healthcare expenditure as percentage of GDP in Western Europe.","qualitative-control","limitation-control","pass","true","attempt-0105","79.80399513244629","2","75852","","d50497ea9084f29c91b05406688f87035df98d8a","Operator-reviewed frozen qualitative criteria satisfied; not a numerical GIS result.","evidence/537597.json"
"538378","Calculate the average freshwater withdrawal in regions with significant mining activities in Africa","qualitative-control","limitation-control","pass","true","attempt-0106","116.56500697135925","2","89088","","d50497ea9084f29c91b05406688f87035df98d8a","Operator-reviewed frozen qualitative criteria satisfied; not a numerical GIS result.","evidence/538378.json"
"544781","Map marine protected areas in coastal nations.","qualitative-control","limitation-control","pass","true","attempt-0107","63.980024099349976","2","69572","","d50497ea9084f29c91b05406688f87035df98d8a","Operator-reviewed frozen qualitative criteria satisfied; not a numerical GIS result.","evidence/544781.json"
"551060","Calculate the percentage of Angola's population living in areas with density above 1000 people per square kilometer","population-density-share","computational","pass","true","attempt-0108","937.0218300819397","60","1936852","","d50497ea9084f29c91b05406688f87035df98d8a","Independent artifact and delivery checks passed.","evidence/551060.json"
"553414","Create a map showing total labor force distribution across countries","country-choropleth","computational","pass","true","attempt-0109","915.1415410041809","61","2816001","","d50497ea9084f29c91b05406688f87035df98d8a","Independent artifact and delivery checks passed.","evidence/553414.json"
"554817","Generate contour lines from snow cover data for 2023-2024 season and compare with railway stations locations in the northern states","contour-map","computational","pass","true","attempt-0110","933.9040908813477","45","1880440","","d50497ea9084f29c91b05406688f87035df98d8a","Independent artifact and delivery checks passed.","evidence/554817.json"
"558813","Display energy security metrics across Central Asian countries.","qualitative-control","limitation-control","pass","true","attempt-0111","104.29431819915771","2","83623","","d50497ea9084f29c91b05406688f87035df98d8a","Operator-reviewed frozen qualitative criteria satisfied; not a numerical GIS result.","evidence/558813.json"
"565545","Create a heatmap of earthquakes magnitude in Indonesia, Malaysia and Phillippines","geographic-heatmap","computational","fail","true","attempt-0112","1364.3608961105347","64","3738428","","d50497ea9084f29c91b05406688f87035df98d8a","Approval policy: injected feature data is not permitted.; No accepted final answer was published.","evidence/565545.json"
"572164","Generate a heatmap of earthquake occurrences in regions with disaster preparedness","qualitative-control","limitation-control","pass","true","attempt-0113","80.31220293045044","2","99793","","d50497ea9084f29c91b05406688f87035df98d8a","Operator-reviewed frozen qualitative criteria satisfied; not a numerical GIS result.","evidence/572164.json"
"577156","Compare the agricultural value added between Brazilian states with and without railway access","qualitative-control","limitation-control","pass","true","attempt-0114","123.22669887542725","2","91817","","d50497ea9084f29c91b05406688f87035df98d8a","Operator-reviewed frozen qualitative criteria satisfied; not a numerical GIS result.","evidence/577156.json"
"586288","Historical population near large wildfire incident locations","raster-proximity-count","computational","pass","true","attempt-0115","1568.0036978721619","51","2488740","","d50497ea9084f29c91b05406688f87035df98d8a","Independent artifact and delivery checks passed.","evidence/586288.json"
"595832","Map water usage patterns in Middle Eastern countries","country-choropleth","computational","pass","true","attempt-0116","954.5839450359344","49","3756360","","d50497ea9084f29c91b05406688f87035df98d8a","Independent artifact and delivery checks passed.","evidence/595832.json"
"596430","Compare forest coverage between Amazon basin countries","country-choropleth","computational","pass","true","attempt-0117","884.1659860610962","57","2178412","","d50497ea9084f29c91b05406688f87035df98d8a","Independent artifact and delivery checks passed.","evidence/596430.json"
"596713","Make a heatmap of railway stations density in Brazil,","qualitative-control","limitation-control","pass","true","attempt-0118","95.22483706474304","2","87331","","d50497ea9084f29c91b05406688f87035df98d8a","Operator-reviewed frozen qualitative criteria satisfied; not a numerical GIS result.","evidence/596713.json"
"598665","Show agricultural productivity across Mediterranean countries","country-choropleth","computational","pass","true","attempt-0119","776.9179170131683","40","2549137","","d50497ea9084f29c91b05406688f87035df98d8a","Independent artifact and delivery checks passed.","evidence/598665.json"
"602318","Map freshwater withdrawals as percentage of resources","country-choropleth","computational","pass","true","attempt-0120","1441.4797790050507","56","2726064","","d50497ea9084f29c91b05406688f87035df98d8a","Independent artifact and delivery checks passed.","evidence/602318.json"
"605895","Make a heatmap of seaport density in regions with high freshwater withdrawals in Latin America","geographic-heatmap","computational","pass","true","attempt-0121","2158.6623141765594","73","7063418","","d50497ea9084f29c91b05406688f87035df98d8a","Independent artifact and delivery checks passed.","evidence/605895.json"
"606612","Show sustainable agriculture adoption in African countries.","qualitative-control","limitation-control","pass","true","attempt-0122","102.7875509262085","2","84834","","d50497ea9084f29c91b05406688f87035df98d8a","Operator-reviewed frozen qualitative criteria satisfied; not a numerical GIS result.","evidence/606612.json"
"618282","How many people live within 1 km from a railway in Bangladesh","population-distance-share","computational","pass","true","attempt-0123","1206.4624700546265","49","2530972","","d50497ea9084f29c91b05406688f87035df98d8a","Independent artifact and delivery checks passed.","evidence/618282.json"
"620811","Create contour lines of population density along major rivers in Brazil","contour-map","computational","pass","true","attempt-0124","1923.266816854477","74","5955759","","d50497ea9084f29c91b05406688f87035df98d8a","Independent artifact and delivery checks passed.","evidence/620811.json"
"621471","Make a heatmap of seaport density along the Pacific coast of South America","geographic-heatmap","computational","fail","true","attempt-0125","1155.6739130020142","46","2544655","","d50497ea9084f29c91b05406688f87035df98d8a","Heatmap units do not match the declared weights per cell.","evidence/621471.json"
"631643","Make a map visualizing relationship between fertility rate and net migration (normalized by total population) across the World.","bivariate-map","computational","fail","true","attempt-0126","1399.73011302948","65","2626636","","d50497ea9084f29c91b05406688f87035df98d8a","Artifact measurement values differ from the frozen source calculation.","evidence/631643.json"
"634036","Map total freshwater withdrawals as percentage of internal resources by country","country-choropleth","computational","pass","true","attempt-0127","945.7780261039734","45","1812149","","d50497ea9084f29c91b05406688f87035df98d8a","Independent artifact and delivery checks passed.","evidence/634036.json"
"645898","Counties touching the Mississippi River","water-feature-selection","computational","pass","true","attempt-0128","1073.3196649551392","60","2259773","","d50497ea9084f29c91b05406688f87035df98d8a","Independent artifact and delivery checks passed.","evidence/645898.json"
"646908","Show public education spending across Scandinavian nations.","qualitative-control","limitation-control","pass","true","attempt-0129","116.77390384674072","6","210556","","d50497ea9084f29c91b05406688f87035df98d8a","Operator-reviewed frozen qualitative criteria satisfied; not a numerical GIS result.","evidence/646908.json"
"655059","Generate contour lines from Peru's population data and overlap with provincial borders and rivers in the country.","contour-map","computational","fail","true","attempt-0130","1019.1359901428223","55","1833994","","d50497ea9084f29c91b05406688f87035df98d8a","Contour map is missing a required context layer.","evidence/655059.json"
"663841","Make a map to explore the relationship between forest area (% of land area) and annual freshwater withdrawals (% of internal resources) in 2015 globally.","bivariate-map","computational","pass","true","attempt-0131","1222.1304559707642","56","2514681","","d50497ea9084f29c91b05406688f87035df98d8a","Independent artifact and delivery checks passed.","evidence/663841.json"
"663887","Compare environmental protection spending across developed nations.","qualitative-control","limitation-control","pass","true","attempt-0132","90.03568005561829","2","66096","","d50497ea9084f29c91b05406688f87035df98d8a","Operator-reviewed frozen qualitative criteria satisfied; not a numerical GIS result.","evidence/663887.json"
"664340","Generate a heatmap of population density along African railway corridors,","qualitative-control","limitation-control","pass","true","attempt-0133","117.08745789527893","2","90011","","d50497ea9084f29c91b05406688f87035df98d8a","Operator-reviewed frozen qualitative criteria satisfied; not a numerical GIS result.","evidence/664340.json"
"673093","Show the patterns of foreign direct investment across Asian economies.","qualitative-control","limitation-control","pass","true","attempt-0134","108.23385500907898","3","96639","","d50497ea9084f29c91b05406688f87035df98d8a","Operator-reviewed frozen qualitative criteria satisfied; not a numerical GIS result.","evidence/673093.json"
"673274","What percentage of Bangladesh's population lives within 5 km of a railway line?","population-distance-share","computational","pass","true","attempt-0135","1088.394595861435","51","2467725","","d50497ea9084f29c91b05406688f87035df98d8a","Independent artifact and delivery checks passed.","evidence/673274.json"
"677223","Show the distribution of renewable energy production by country.","qualitative-control","limitation-control","pass","true","attempt-0136","94.35996389389038","3","106228","","d50497ea9084f29c91b05406688f87035df98d8a","Operator-reviewed frozen qualitative criteria satisfied; not a numerical GIS result.","evidence/677223.json"
"695398","Create heatmap of TB cases in states with available data.","county-heatmap","computational","pass","true","attempt-0137","1422.1722440719604","64","3213467","","d50497ea9084f29c91b05406688f87035df98d8a","Independent artifact and delivery checks passed.","evidence/695398.json"
"702855","Display net migration patterns on a world map","country-choropleth","computational","pass","true","attempt-0138","1494.9418148994446","89","4510509","","d50497ea9084f29c91b05406688f87035df98d8a","Independent artifact and delivery checks passed.","evidence/702855.json"
"702872","Make a series of maps with share of forest covered areas in countries of South Asia in 2005, 2015 and the last available year.","map-series","computational","pass","true","attempt-0139","1107.4632639884949","65","2774974","","d50497ea9084f29c91b05406688f87035df98d8a","Independent artifact and delivery checks passed.","evidence/702872.json"
"710732","How many mineral extraction facilities in Africa are located in countries with rapid urbanization","country-change-selection","computational","pass","true","attempt-0140","1613.9970240592957","64","4014410","","d50497ea9084f29c91b05406688f87035df98d8a","Independent artifact and delivery checks passed.","evidence/710732.json"
"714649","Map absolute forest area distribution globally","country-choropleth","computational","pass","true","attempt-0141","1369.8847379684448","58","3218966","","d50497ea9084f29c91b05406688f87035df98d8a","Independent artifact and delivery checks passed.","evidence/714649.json"
"718627","Create a map of global demographic patterns using fertility rates","country-choropleth","computational","pass","true","attempt-0142","1400.3479979038239","61","3503364","","d50497ea9084f29c91b05406688f87035df98d8a","Independent artifact and delivery checks passed.","evidence/718627.json"
"719909","Create a heatmap of seaport density in regions with maritime development plans.","qualitative-control","limitation-control","pass","true","attempt-0143","154.1703019142151","4","194979","","d50497ea9084f29c91b05406688f87035df98d8a","Operator-reviewed frozen qualitative criteria satisfied; not a numerical GIS result.","evidence/719909.json"
"720013","Show electric consumption in G7 and BRICS nations","country-choropleth","computational","pass","true","attempt-0144","978.1323590278625","48","2017541","","d50497ea9084f29c91b05406688f87035df98d8a","Independent artifact and delivery checks passed.","evidence/720013.json"
"720409","Map total fertility rates across different regions","country-choropleth","computational","fail","true","attempt-0145","1767.6610100269318","73","5665427","","d50497ea9084f29c91b05406688f87035df98d8a","Final answer lacks one unambiguous requested machine-readable result.","evidence/720409.json"
"727667","Make a heatmap of population density in areas with active wildfires in USA","qualitative-control","limitation-control","pass","true","attempt-0146","125.70709705352783","4","189432","","d50497ea9084f29c91b05406688f87035df98d8a","Operator-reviewed frozen qualitative criteria satisfied; not a numerical GIS result.","evidence/727667.json"
"734213","Which Eastern African countries had the highest net migration rates in 2019?","country-choropleth","computational","pass","true","attempt-0147","1385.8842380046844","71","3280479","","d50497ea9084f29c91b05406688f87035df98d8a","Independent artifact and delivery checks passed.","evidence/734213.json"
"737732","Show total freshwater withdrawals by country","country-choropleth","computational","pass","true","attempt-0148","957.1862020492554","50","1999851","","d50497ea9084f29c91b05406688f87035df98d8a","Independent artifact and delivery checks passed.","evidence/737732.json"
"741001","Latin American seaports near supplied South American rivers","point-line-proximity","computational","fail","true","attempt-0149","624.1457769870758","36","995030","","d50497ea9084f29c91b05406688f87035df98d8a","Approval policy: explicit reduced or unavailable work is not preauthorized.; No accepted final answer was published.","evidence/741001.json"
"748943","Show rural population percentages worldwide","country-choropleth","computational","pass","true","attempt-0150","1296.508630990982","64","3937714","","d50497ea9084f29c91b05406688f87035df98d8a","Independent artifact and delivery checks passed.","evidence/748943.json"
"761363","Make a World map of electricity consumption per capita by country","country-choropleth","computational","pass","true","attempt-0151","1112.3483231067657","53","2457582","","d50497ea9084f29c91b05406688f87035df98d8a","Independent artifact and delivery checks passed.","evidence/761363.json"
"763412","Create contour lines from Chile's population density data in relation to rivers","contour-map","computational","fail","true","attempt-0152","2046.7811830043793","94","6294618","","d50497ea9084f29c91b05406688f87035df98d8a","Contour legend levels, distinguishable colors or units are incorrect.","evidence/763412.json"
"765686","Generate a heatmap of population density in economic clusters","qualitative-control","limitation-control","pass","true","attempt-0153","134.42078804969788","3","106724","","d50497ea9084f29c91b05406688f87035df98d8a","Operator-reviewed frozen qualitative criteria satisfied; not a numerical GIS result.","evidence/765686.json"
"768309","Make contour lines showing population distribution in flood-prone areas of South Asia","qualitative-control","limitation-control","pass","true","attempt-0154","96.42338013648987","6","126193","","d50497ea9084f29c91b05406688f87035df98d8a","Operator-reviewed frozen qualitative criteria satisfied; not a numerical GIS result.","evidence/768309.json"
"772258","Visualize deforestation rates within 100km of major African highways?","qualitative-control","limitation-control","pass","true","attempt-0155","112.27841091156006","4","182721","","d50497ea9084f29c91b05406688f87035df98d8a","Operator-reviewed frozen qualitative criteria satisfied; not a numerical GIS result.","evidence/772258.json"
"782046","Make a heatmap final size of fire incidents in USA.","geographic-heatmap","computational","setup-blocked","false","","","","","","d50497ea9084f29c91b05406688f87035df98d8a","Required final-acreage observations are absent; incident sizes cannot substitute.","evidence/782046.json"
"785163","Calculate the percentage of Angola's population living within 20km of mineral extraction facilities","population-distance-share","computational","pass","true","attempt-0156","1324.2220840454102","64","2841834","","d50497ea9084f29c91b05406688f87035df98d8a","Independent artifact and delivery checks passed.","evidence/785163.json"
"792682","Display the variation in public education spending across Caribbean nations.","qualitative-control","limitation-control","pass","true","attempt-0157","98.07047295570374","4","118186","","d50497ea9084f29c91b05406688f87035df98d8a","Operator-reviewed frozen qualitative criteria satisfied; not a numerical GIS result.","evidence/792682.json"
"794962","Which African countries have the highest concentration of power stations in populated areas?","qualitative-control","limitation-control","pass","true","attempt-0158","125.46970796585083","6","158019","","d50497ea9084f29c91b05406688f87035df98d8a","Operator-reviewed frozen qualitative criteria satisfied; not a numerical GIS result.","evidence/794962.json"
"797835","Visualize fertility rates across Sub-Saharan Africa","country-choropleth","computational","pass","true","attempt-0159","823.0826389789581","41","2456201","","d50497ea9084f29c91b05406688f87035df98d8a","Independent artifact and delivery checks passed.","evidence/797835.json"
"806525","Water withdrawals in power-station countries","spatial-analysis","computational","pass","true","attempt-0160","900.2008318901062","49","2156890","","d50497ea9084f29c91b05406688f87035df98d8a","Independent artifact and delivery checks passed.","evidence/806525.json"
"811107","What is the total length of railways in Brazilian states with GDP per capita above national average?","qualitative-control","limitation-control","pass","true","attempt-0161","96.3458149433136","4","99093","","d50497ea9084f29c91b05406688f87035df98d8a","Operator-reviewed frozen qualitative criteria satisfied; not a numerical GIS result.","evidence/811107.json"
"819657","What percentage of Chile's population lives in areas with population density over 1000 people per square km?","population-density-share","computational","pass","true","attempt-0162","876.0829019546509","37","2103268","","d50497ea9084f29c91b05406688f87035df98d8a","Independent artifact and delivery checks passed.","evidence/819657.json"
"822439","Create a heatmap of earthquake occurrences in Pacific US states","geographic-heatmap","computational","pass","true","attempt-0163","834.3105330467224","46","1734763","","d50497ea9084f29c91b05406688f87035df98d8a","Independent artifact and delivery checks passed.","evidence/822439.json"
"826615","Show agricultural GDP contribution in Nordic countries","country-choropleth","computational","pass","true","attempt-0164","811.4342050552368","39","2521791","","d50497ea9084f29c91b05406688f87035df98d8a","Independent artifact and delivery checks passed.","evidence/826615.json"
"833409","Generate a heatmap of power station density in regions with renewable energy focus","qualitative-control","limitation-control","pass","true","attempt-0165","91.5881040096283","2","61195","","d50497ea9084f29c91b05406688f87035df98d8a","Operator-reviewed frozen qualitative criteria satisfied; not a numerical GIS result.","evidence/833409.json"
"833518","Make contour lines showing population distribution in economic corridors of South America","qualitative-control","limitation-control","pass","true","attempt-0166","129.23316287994385","4","128177","","d50497ea9084f29c91b05406688f87035df98d8a","Operator-reviewed frozen qualitative criteria satisfied; not a numerical GIS result.","evidence/833518.json"
"833697","Map water resource utilization globally","country-choropleth","computational","pass","true","attempt-0167","856.1122159957886","48","2130993","","d50497ea9084f29c91b05406688f87035df98d8a","Independent artifact and delivery checks passed.","evidence/833697.json"
"837688","Create a map of global fertility rates","country-choropleth","computational","pass","true","attempt-0168","853.1401238441467","36","2502649","","d50497ea9084f29c91b05406688f87035df98d8a","Independent artifact and delivery checks passed.","evidence/837688.json"
"854050","Visualize at one map rural population percentage (calculated from total and rural population) and agriculture value added as % of GDP for 2019.","bivariate-map","computational","pass","true","attempt-0169","1224.8376259803772","62","3061831","","d50497ea9084f29c91b05406688f87035df98d8a","Independent artifact and delivery checks passed.","evidence/854050.json"
"854925","Display maternal mortality rates in West African countries.","qualitative-control","limitation-control","pass","true","attempt-0170","104.90275311470032","2","80207","","d50497ea9084f29c91b05406688f87035df98d8a","Operator-reviewed frozen qualitative criteria satisfied; not a numerical GIS result.","evidence/854925.json"
"861416","Visualize regional economic patterns using GDP per capita","country-choropleth","computational","pass","true","attempt-0171","824.2329559326172","54","1838273","","d50497ea9084f29c91b05406688f87035df98d8a","Independent artifact and delivery checks passed.","evidence/861416.json"
"868995","Compare healthcare expenditure across Middle Eastern countries.","qualitative-control","limitation-control","pass","true","attempt-0172","113.05443096160889","2","83767","","d50497ea9084f29c91b05406688f87035df98d8a","Operator-reviewed frozen qualitative criteria satisfied; not a numerical GIS result.","evidence/868995.json"
"883928","Snow-exposed Amtrak stations by state","spatial-analysis","computational","pass","true","attempt-0173","875.0123419761658","40","2853777","","d50497ea9084f29c91b05406688f87035df98d8a","Independent artifact and delivery checks passed.","evidence/883928.json"
"894468","Show agricultural GDP contribution in Himalayan nations","country-choropleth","computational","pass","true","attempt-0174","904.3925170898438","62","2770945","","d50497ea9084f29c91b05406688f87035df98d8a","Independent artifact and delivery checks passed.","evidence/894468.json"
"898861","Map the distribution of agricultural productivity in sub-Saharan Africa","country-choropleth","computational","pass","true","attempt-0175","830.2065258026123","41","2515120","","d50497ea9084f29c91b05406688f87035df98d8a","Independent artifact and delivery checks passed.","evidence/898861.json"
"901809","Compare GDP per capita between OECD and non-OECD high-income countries","country-choropleth","computational","pass","true","attempt-0176","799.7180669307709","41","2326946","","d50497ea9084f29c91b05406688f87035df98d8a","Independent artifact and delivery checks passed.","evidence/901809.json"
"903748","How does forest coverage vary across Amazon Treaty countries?","country-choropleth","computational","pass","true","attempt-0177","756.4735169410706","43","1783439","","d50497ea9084f29c91b05406688f87035df98d8a","Independent artifact and delivery checks passed.","evidence/903748.json"
"908870","Visualize total population distribution by country","country-choropleth","computational","pass","true","attempt-0178","806.117593050003","59","2052867","","d50497ea9084f29c91b05406688f87035df98d8a","Independent artifact and delivery checks passed.","evidence/908870.json"
"911221","Generate a heatmap of power station density in regions with energy transition plans","qualitative-control","limitation-control","pass","true","attempt-0179","109.23439002037048","2","83961","","d50497ea9084f29c91b05406688f87035df98d8a","Operator-reviewed frozen qualitative criteria satisfied; not a numerical GIS result.","evidence/911221.json"
"911650","Generate a heatmap of power station density in African regions with high rural population","geographic-heatmap","computational","partial","true","attempt-0180","2029.2677099704742","97","6067163","","d50497ea9084f29c91b05406688f87035df98d8a","Final count or unknown-coverage count disagrees with the computed evidence.","evidence/911650.json"
"913900","Show rates of deforestation over the last decade","country-choropleth","computational","pass","true","attempt-0181","771.7772789001465","42","1935499","","d50497ea9084f29c91b05406688f87035df98d8a","Independent artifact and delivery checks passed.","evidence/913900.json"
"914148","Visualize agricultural contribution to GDP worldwide","country-choropleth","computational","pass","true","attempt-0182","864.6014580726624","61","2011414","","d50497ea9084f29c91b05406688f87035df98d8a","Independent artifact and delivery checks passed.","evidence/914148.json"
"917242","Show rural population distribution across countries","country-choropleth","computational","pass","true","attempt-0183","991.1051199436188","53","3116140","","d50497ea9084f29c91b05406688f87035df98d8a","Independent artifact and delivery checks passed.","evidence/917242.json"
"918547","GDP in earthquake-affected countries","spatial-analysis","computational","pass","true","attempt-0184","974.1135990619659","46","2747993","","d50497ea9084f29c91b05406688f87035df98d8a","Independent artifact and delivery checks passed.","evidence/918547.json"
"921361","Create a heatmap of earthquakes in South Asia","geographic-heatmap","computational","pass","true","attempt-0185","1202.9527080059052","50","2447687","","d50497ea9084f29c91b05406688f87035df98d8a","Independent artifact and delivery checks passed.","evidence/921361.json"
"931200","Map air pollution levels in East Asian countries.","qualitative-control","limitation-control","pass","true","attempt-0186","103.38368487358093","2","77774","","d50497ea9084f29c91b05406688f87035df98d8a","Operator-reviewed frozen qualitative criteria satisfied; not a numerical GIS result.","evidence/931200.json"
"932053","How many African power stations are located in countries with significant forest loss","country-change-selection","computational","pass","true","attempt-0187","1214.946764945984","57","2837239","","d50497ea9084f29c91b05406688f87035df98d8a","Independent artifact and delivery checks passed.","evidence/932053.json"
"938589","Visualize the urban population growth in African capital cities over the last decade.","qualitative-control","limitation-control","pass","true","attempt-0188","112.34196901321411","4","120345","","d50497ea9084f29c91b05406688f87035df98d8a","Operator-reviewed frozen qualitative criteria satisfied; not a numerical GIS result.","evidence/938589.json"
"945038","Show population distribution in Caucasus region","country-choropleth","computational","pass","true","attempt-0189","745.6674149036407","57","1615214","","d50497ea9084f29c91b05406688f87035df98d8a","Independent artifact and delivery checks passed.","evidence/945038.json"
"946748","Map population density in Southern Asian nations","country-choropleth","computational","pass","true","attempt-0190","901.0987510681152","40","1966388","","d50497ea9084f29c91b05406688f87035df98d8a","Independent artifact and delivery checks passed.","evidence/946748.json"
"954523","Map food insecurity levels by administrative districts in Southeast Asia?","qualitative-control","limitation-control","pass","true","attempt-0191","119.68124294281006","2","86295","","d50497ea9084f29c91b05406688f87035df98d8a","Operator-reviewed frozen qualitative criteria satisfied; not a numerical GIS result.","evidence/954523.json"
"955741","Counties shared by historical earthquake and wildfire snapshots","county-event-intersection","computational","pass","true","attempt-0192","933.3847069740295","48","2457977","","d50497ea9084f29c91b05406688f87035df98d8a","Independent artifact and delivery checks passed.","evidence/955741.json"
"958938","Map the relationship between population density and forest coverage in Asian countries.","bivariate-map","computational","pass","true","attempt-0193","1406.4524011611938","58","4413101","","d50497ea9084f29c91b05406688f87035df98d8a","Independent artifact and delivery checks passed.","evidence/958938.json"
"960622","Create a world map showing forest area as percentage of land area by country","country-choropleth","computational","pass","true","attempt-0194","742.4379680156708","48","2200176","","d50497ea9084f29c91b05406688f87035df98d8a","Independent artifact and delivery checks passed.","evidence/960622.json"
"965208","Make a heatmap of population density in areas with high earthquake frequency","qualitative-control","limitation-control","pass","true","attempt-0195","177.30104517936707","6","256581","","d50497ea9084f29c91b05406688f87035df98d8a","Operator-reviewed frozen qualitative criteria satisfied; not a numerical GIS result.","evidence/965208.json"
"965287","Map rural population distribution in Central Asian nations","country-choropleth","computational","pass","true","attempt-0196","772.2080399990082","45","2259685","","d50497ea9084f29c91b05406688f87035df98d8a","Independent artifact and delivery checks passed.","evidence/965287.json"
"968087","Generate a heatmap of earthquake occurrences near railway lines in Canada","geographic-heatmap","computational","pass","true","attempt-0197","993.5350339412689","64","2919659","","d50497ea9084f29c91b05406688f87035df98d8a","Independent artifact and delivery checks passed.","evidence/968087.json"
"971959","Visualize agricultural value added as percentage of GDP worldwide","country-choropleth","computational","pass","true","attempt-0198","748.660826921463","50","2028893","","d50497ea9084f29c91b05406688f87035df98d8a","Independent artifact and delivery checks passed.","evidence/971959.json"
"977524","Fertility comparison by income group","spatial-analysis","computational","fail","true","attempt-0199","867.2676029205322","44","2849758","","d50497ea9084f29c91b05406688f87035df98d8a","Selected feature membership differs from the independent answer.","evidence/977524.json"
"979234","Create population density contours around mineral extraction sites in low-income African countries","qualitative-control","limitation-control","pass","true","attempt-0200","146.147696018219","2","150184","","d50497ea9084f29c91b05406688f87035df98d8a","Operator-reviewed frozen qualitative criteria satisfied; not a numerical GIS result.","evidence/979234.json"
"984439","Compare the freshwater withdrawal between African countries with and without significant railway networks.","bivariate-map","computational","pass","true","attempt-0201","830.3948709964752","45","3431141","","d50497ea9084f29c91b05406688f87035df98d8a","Independent artifact and delivery checks passed.","evidence/984439.json"
"986773","Map population distribution across English-speaking Caribbean islands","country-choropleth","computational","pass","true","attempt-0202","778.2588090896606","48","2235239","","d50497ea9084f29c91b05406688f87035df98d8a","Independent artifact and delivery checks passed.","evidence/986773.json"
"996706","Create contour lines of snow accumulation near major water bodies","contour-map","computational","pass","true","attempt-0203","914.2972300052643","53","3424442","","d50497ea9084f29c91b05406688f87035df98d8a","Independent artifact and delivery checks passed.","evidence/996706.json"
